Doctor_ID,Name,Department,Experience,Salary
D001,Dr 1,Neurology,7,279817
D002,Dr 2,Pediatrics,26,266899
D003,Dr 3,Neurology,23,524562
D004,Dr 4,Cardiology,34,544472
D005,Dr 5,Emergency,13,244651
D006,Dr 6,Neurology,18,451552
D007,Dr 7,Neurology,28,557389
D008,Dr 8,Emergency,29,566481
D009,Dr 9,Pediatrics,21,496764
D010,Dr 10,Pediatrics,,354777
D011,Dr 11,Pediatrics,33,231656
D012,Dr 12,Neurology,17,377989
D013,Dr 13,Neurology,18,573475
D014,Dr 14,Emergency,12,436907
D015,Dr 15,Neurology,7,249475
D016,Dr 16,Neurology,10,280314
D017,Dr 17,Cardiology,27,157706
D018,Dr 18,Emergency,27,479235
D019,Dr 19,Emergency,20,331916
D020,Dr 20,Cardiology,,307474
D021,Dr 21,ICU,11,597863
D022,Dr 22,ICU,18,314466
D023,Dr 23,Cardiology,25,498225
D024,Dr 24,Pediatrics,28,443819
D025,Dr 25,Orthopedic,35,208035
D026,Dr 26,ICU,7,595241
D027,Dr 27,Oncology,29,506263
D028,Dr 28,Emergency,8,224699
D029,Dr 29,Orthopedic,16,449584
D030,Dr 30,Oncology,,393854
D031,Dr 31,Pediatrics,6,201864
D032,Dr 32,Oncology,23,413800
D033,Dr 33,Cardiology,13,287795
D034,Dr 34,Oncology,27,208723
D035,Dr 35,Cardiology,30,261642
D036,Dr 36,ICU,29,144917
D037,Dr 37,Orthopedic,21,150563
D038,Dr 38,Orthopedic,11,259643
D039,Dr 39,Cardiology,20,196789
D040,Dr 40,Pediatrics,,475099
D041,Dr 41,ICU,22,316716
D042,Dr 42,Neurology,29,156875
D043,Dr 43,Oncology,27,148733
D044,Dr 44,Orthopedic,27,275658
D045,Dr 45,Neurology,3,580673
D046,Dr 46,Pediatrics,3,349996
D047,Dr 47,Neurology,21,362764
D048,Dr 48,ICU,26,481506
D049,Dr 49,Cardiology,24,526523
D050,Dr 50,Pediatrics,,234243
D051,Dr 51,Cardiology,15,443342
D052,Dr 52,Pediatrics,32,516711
D053,Dr 53,Emergency,15,362328
D054,Dr 54,Orthopedic,32,317261
D055,Dr 55,ICU,16,378455
D056,Dr 56,ICU,32,597623
D057,Dr 57,Oncology,13,279975
D058,Dr 58,Oncology,13,589010
D059,Dr 59,Orthopedic,12,373064
D060,Dr 60,Emergency,,283522
D061,Dr 61,Oncology,6,212360
D062,Dr 62,Oncology,33,455771
D063,Dr 63,ICU,8,190058
D064,Dr 64,Oncology,34,195823
D065,Dr 65,ICU,8,203604
D066,Dr 66,Orthopedic,31,355035
D067,Dr 67,Emergency,20,465359
D068,Dr 68,Oncology,34,158408
D069,Dr 69,Emergency,21,483344
D070,Dr 70,Oncology,,139495
D071,Dr 71,ICU,9,213065
D072,Dr 72,Oncology,31,301920
D073,Dr 73,ICU,7,499247
D074,Dr 74,Cardiology,20,598650
D075,Dr 75,Cardiology,29,367569
D076,Dr 76,Oncology,14,195078
D077,Dr 77,Orthopedic,35,325917
D078,Dr 78,Emergency,19,392962
D079,Dr 79,Cardiology,3,318404
D080,Dr 80,Oncology,,203737
D006,Dr 6,Neurology,18,451552
